<?xml version='1.1' encoding='UTF-8'?>
<Tag plugin="workflow-support@815.vd60466279fc8">
  <node class="cps.n.StepAtomNode" plugin="workflow-cps@2683.vd0a_8f6a_1c263">
    <parentIds>
      <string>10</string>
    </parentIds>
    <id>11</id>
    <descriptorId>org.jenkinsci.plugins.workflow.steps.IsUnixStep</descriptorId>
  </node>
  <actions>
    <wf.a.TimingAction plugin="workflow-api@1143.v2d42f1e9dea_5">
      <startTime>1649011869854</startTime>
    </wf.a.TimingAction>
    <s.a.LogStorageAction/>
  </actions>
</Tag>