<?xml version='1.1' encoding='UTF-8'?>
<Tag plugin="workflow-support@815.vd60466279fc8">
  <node class="cps.n.StepStartNode" plugin="workflow-cps@2683.vd0a_8f6a_1c263">
    <parentIds>
      <string>4</string>
    </parentIds>
    <id>5</id>
    <descriptorId>org.jenkinsci.plugins.workflow.steps.EnvStep</descriptorId>
  </node>
  <actions>
    <s.a.LogStorageAction/>
    <cps.a.ArgumentsActionImpl plugin="workflow-cps@2683.vd0a_8f6a_1c263">
      <arguments>
        <entry>
          <string>overrides</string>
          <list>
            <string>DOCKER_IMAGE=</string>
            <string>DOCKER_CONTAINER=sindri_webPortal_chrome</string>
            <string>REGISTRY_CREDENTIALS=docker_webPortal_key</string>
            <string>CUSTOM_WS=c:\sindri_automation\sindri_webPortal</string>
            <string>REGISTRY=nsamardzic/python_selenium_chrome:chrome-91</string>
          </list>
        </entry>
      </arguments>
      <sensitiveVariables/>
      <isUnmodifiedBySanitization>true</isUnmodifiedBySanitization>
    </cps.a.ArgumentsActionImpl>
    <wf.a.TimingAction plugin="workflow-api@1143.v2d42f1e9dea_5">
      <startTime>1649011869669</startTime>
    </wf.a.TimingAction>
  </actions>
</Tag>