<?xml version='1.1' encoding='UTF-8'?>
<Tag plugin="workflow-support@815.vd60466279fc8">
  <node class="cps.n.StepStartNode" plugin="workflow-cps@2683.vd0a_8f6a_1c263">
    <parentIds>
      <string>9</string>
    </parentIds>
    <id>10</id>
    <descriptorId>org.jenkinsci.plugins.workflow.steps.EnvStep</descriptorId>
  </node>
  <actions>
    <s.a.LogStorageAction/>
    <cps.a.ArgumentsActionImpl plugin="workflow-cps@2683.vd0a_8f6a_1c263">
      <arguments>
        <entry>
          <string>overrides</string>
          <list>
            <string>GIT_BRANCH=origin/master</string>
            <string>GIT_COMMIT=5fad4b6b90c3e53b3f4e3f427ccce74c275ac6b4</string>
            <string>GIT_PREVIOUS_COMMIT=5fad4b6b90c3e53b3f4e3f427ccce74c275ac6b4</string>
            <string>GIT_PREVIOUS_SUCCESSFUL_COMMIT=5fad4b6b90c3e53b3f4e3f427ccce74c275ac6b4</string>
            <string>GIT_URL=https://github.geo.conti.de/uia66114/jenkins_workshop.git</string>
          </list>
        </entry>
      </arguments>
      <sensitiveVariables/>
      <isUnmodifiedBySanitization>true</isUnmodifiedBySanitization>
    </cps.a.ArgumentsActionImpl>
    <wf.a.TimingAction plugin="workflow-api@1143.v2d42f1e9dea_5">
      <startTime>1649079870507</startTime>
    </wf.a.TimingAction>
  </actions>
</Tag>