<?xml version='1.1' encoding='UTF-8'?>
<Tag plugin="workflow-support@815.vd60466279fc8">
  <node class="cps.n.StepStartNode" plugin="workflow-cps@2683.vd0a_8f6a_1c263">
    <parentIds>
      <string>5</string>
    </parentIds>
    <id>6</id>
    <descriptorId>org.jenkinsci.plugins.workflow.support.steps.StageStep</descriptorId>
  </node>
  <actions>
    <wf.a.BodyInvocationAction plugin="workflow-api@1143.v2d42f1e9dea_5"/>
    <wf.a.LabelAction plugin="workflow-api@1143.v2d42f1e9dea_5">
      <displayName>Declarative: Checkout SCM</displayName>
    </wf.a.LabelAction>
    <wf.a.TimingAction plugin="workflow-api@1143.v2d42f1e9dea_5">
      <startTime>1649079864120</startTime>
    </wf.a.TimingAction>
    <wf.a.TagsAction plugin="workflow-api@1143.v2d42f1e9dea_5">
      <tags>
        <entry>
          <string>SYNTHETIC_STAGE</string>
          <string>PRE</string>
        </entry>
      </tags>
    </wf.a.TagsAction>
  </actions>
</Tag>