<?xml version='1.1' encoding='UTF-8'?>
<Tag plugin="workflow-support@815.vd60466279fc8">
  <node class="cps.n.StepAtomNode" plugin="workflow-cps@2683.vd0a_8f6a_1c263">
    <parentIds>
      <string>6</string>
    </parentIds>
    <id>7</id>
    <descriptorId>org.jenkinsci.plugins.workflow.steps.scm.GenericSCMStep</descriptorId>
  </node>
  <actions>
    <cps.a.ArgumentsActionImpl plugin="workflow-cps@2683.vd0a_8f6a_1c263">
      <arguments>
        <entry>
          <string>scm</string>
          <org.jenkinsci.plugins.structs.describable.UninstantiatedDescribable plugin="structs@308.v852b473a2b8c">
            <arguments class="tree-map">
              <entry>
                <string>branches</string>
                <list>
                  <org.jenkinsci.plugins.structs.describable.UninstantiatedDescribable>
                    <arguments class="tree-map">
                      <entry>
                        <string>name</string>
                        <string>*/master</string>
                      </entry>
                    </arguments>
                    <model resolves-to="org.jenkinsci.plugins.structs.describable.DescribableModel$SerializedForm">
                      <type>hudson.plugins.git.BranchSpec</type>
                    </model>
                  </org.jenkinsci.plugins.structs.describable.UninstantiatedDescribable>
                </list>
              </entry>
              <entry>
                <string>extensions</string>
                <list/>
              </entry>
              <entry>
                <string>userRemoteConfigs</string>
                <list>
                  <org.jenkinsci.plugins.structs.describable.UninstantiatedDescribable>
                    <arguments class="tree-map">
                      <entry>
                        <string>credentialsId</string>
                        <string>GitHub_creds_ID</string>
                      </entry>
                      <entry>
                        <string>url</string>
                        <string>https://github.geo.conti.de/uia66114/jenkins_workshop.git</string>
                      </entry>
                    </arguments>
                    <model resolves-to="org.jenkinsci.plugins.structs.describable.DescribableModel$SerializedForm">
                      <type>hudson.plugins.git.UserRemoteConfig</type>
                    </model>
                  </org.jenkinsci.plugins.structs.describable.UninstantiatedDescribable>
                </list>
              </entry>
            </arguments>
            <model resolves-to="org.jenkinsci.plugins.structs.describable.DescribableModel$SerializedForm">
              <type>hudson.plugins.git.GitSCM</type>
            </model>
          </org.jenkinsci.plugins.structs.describable.UninstantiatedDescribable>
        </entry>
      </arguments>
      <sensitiveVariables/>
      <isUnmodifiedBySanitization>true</isUnmodifiedBySanitization>
    </cps.a.ArgumentsActionImpl>
    <wf.a.TimingAction plugin="workflow-api@1143.v2d42f1e9dea_5">
      <startTime>1649079864193</startTime>
    </wf.a.TimingAction>
    <s.a.LogStorageAction/>
  </actions>
</Tag>