<?xml version='1.1' encoding='UTF-8'?>
<Tag plugin="workflow-support@815.vd60466279fc8">
  <node class="cps.n.StepStartNode" plugin="workflow-cps@2683.vd0a_8f6a_1c263">
    <parentIds>
      <string>13</string>
    </parentIds>
    <id>14</id>
    <descriptorId>org.jenkinsci.plugins.workflow.support.steps.StageStep</descriptorId>
  </node>
  <actions>
    <wf.a.BodyInvocationAction plugin="workflow-api@1143.v2d42f1e9dea_5"/>
    <wf.a.LabelAction plugin="workflow-api@1143.v2d42f1e9dea_5">
      <displayName>Pipeline level Env variables</displayName>
    </wf.a.LabelAction>
    <wf.a.TimingAction plugin="workflow-api@1143.v2d42f1e9dea_5">
      <startTime>1649079021803</startTime>
    </wf.a.TimingAction>
  </actions>
</Tag>