<?xml version='1.1' encoding='UTF-8'?>
<Tag plugin="workflow-support@815.vd60466279fc8">
  <node class="cps.n.StepAtomNode" plugin="workflow-cps@2683.vd0a_8f6a_1c263">
    <parentIds>
      <string>21</string>
    </parentIds>
    <id>22</id>
    <descriptorId>org.jenkinsci.plugins.workflow.steps.EchoStep</descriptorId>
  </node>
  <actions>
    <cps.a.ArgumentsActionImpl plugin="workflow-cps@2683.vd0a_8f6a_1c263">
      <arguments>
        <entry>
          <string>message</string>
          <string>VV Automation project name = Sindri</string>
        </entry>
      </arguments>
      <sensitiveVariables/>
      <isUnmodifiedBySanitization>true</isUnmodifiedBySanitization>
    </cps.a.ArgumentsActionImpl>
    <wf.a.TimingAction plugin="workflow-api@1143.v2d42f1e9dea_5">
      <startTime>1649079022554</startTime>
    </wf.a.TimingAction>
    <s.a.LogStorageAction/>
  </actions>
</Tag>