<?xml version='1.1' encoding='UTF-8'?>
<Tag plugin="workflow-support@815.vd60466279fc8">
  <node class="cps.n.StepEndNode" plugin="workflow-cps@2683.vd0a_8f6a_1c263">
    <parentIds>
      <string>28</string>
    </parentIds>
    <id>29</id>
    <startId>4</startId>
  </node>
  <actions>
    <wf.a.BodyInvocationAction plugin="workflow-api@1143.v2d42f1e9dea_5"/>
    <wf.a.TimingAction plugin="workflow-api@1143.v2d42f1e9dea_5">
      <startTime>1649079022980</startTime>
    </wf.a.TimingAction>
  </actions>
</Tag>