<?xml version='1.1' encoding='UTF-8'?>
<Tag plugin="workflow-support@815.vd60466279fc8">
  <node class="cps.n.StepStartNode" plugin="workflow-cps@2683.vd0a_8f6a_1c263">
    <parentIds>
      <string>2</string>
    </parentIds>
    <id>3</id>
    <descriptorId>org.jenkinsci.plugins.workflow.support.steps.ExecutorStep</descriptorId>
  </node>
  <actions>
    <s.a.LogStorageAction/>
    <cps.a.ArgumentsActionImpl plugin="workflow-cps@2683.vd0a_8f6a_1c263">
      <arguments>
        <entry>
          <string>label</string>
          <null/>
        </entry>
      </arguments>
      <sensitiveVariables/>
      <isUnmodifiedBySanitization>true</isUnmodifiedBySanitization>
    </cps.a.ArgumentsActionImpl>
    <wf.a.TimingAction plugin="workflow-api@1143.v2d42f1e9dea_5">
      <startTime>1649079019121</startTime>
    </wf.a.TimingAction>
    <org.jenkinsci.plugins.workflow.support.steps.ExecutorStepExecution_-QueueItemActionImpl plugin="workflow-durable-task-step@1128.v8c259d125340">
      <id>503</id>
    </org.jenkinsci.plugins.workflow.support.steps.ExecutorStepExecution_-QueueItemActionImpl>
    <s.a.WorkspaceActionImpl>
      <node></node>
      <path>c:\Users\uia66114\.jenkins\workspace\Jenkins_Workshop\Pipeline_Environments</path>
      <labels class="sorted-set"/>
    </s.a.WorkspaceActionImpl>
  </actions>
</Tag>