<?xml version='1.1' encoding='UTF-8'?>
<Tag plugin="workflow-support@815.vd60466279fc8">
  <node class="org.jenkinsci.plugins.workflow.graph.FlowEndNode" plugin="workflow-api@1143.v2d42f1e9dea_5">
    <parentIds>
      <string>30</string>
    </parentIds>
    <id>31</id>
    <startId>2</startId>
    <result>
      <name>SUCCESS</name>
      <ordinal>0</ordinal>
      <color>BLUE</color>
      <completeBuild>true</completeBuild>
    </result>
  </node>
  <actions>
    <wf.a.TimingAction plugin="workflow-api@1143.v2d42f1e9dea_5">
      <startTime>1649079023070</startTime>
    </wf.a.TimingAction>
  </actions>
</Tag>